2012,1,1,27.2,.1,12.4,93.8,11.8,54.4,1.11,13.76,0,13,4.1,8.2,8.8,8.4,8.6,1.2,1.1,100,24,5.7,4.7,3.1,2.4,.61,-.3
2012,2,1,25.5,2.5,14.3,76.9,11.7,36.8,1.32,13.5,0,12.7,4.6,8.3,9.1,8.7,8.9,1.5,1.3,99,26,6.3,4.3,3.5,2.7,.49,-3.1
2012,3,1,26,1.7,12.8,78.5,11.7,41.3,1.1,12.55,0,13.8,4.4,8.7,9.1,8.4,8.5,.9,.3,64,66,4.8,4.4,2.6,2,.53,-2.1
2012,4,1,22.6,1.6,12.4,85.7,13.3,45.8,1.05,13.75,.25,13.1,4.5,8.4,9.1,8.8,8.9,1.5,.3,20,73,8.1,3,3.1,2.4,.54,-1.7
2012,5,1,23.9,.9,11.6,85.6,9.9,40.9,1.07,13.99,0,13.4,4.2,8.4,9.1,8.8,8.9,1,.8,89,30,6.2,3.4,3,2,.46,-4.1
2012,6,1,24.2,-.9,9.8,82.7,10.2,45.8,.9,13.98,0,13.5,3.5,7.9,9.2,8.7,9,.7,.3,72,59,3.5,3.5,2.5,1.8,.47,-3.7
2012,7,1,23,.7,11.9,77.9,11.6,37,1.11,13.19,0,13.1,3.6,7.9,9.1,8.5,8.8,1.6,.4,331,70,6.7,3.1,3.1,2.6,.44,-4.6
2012,8,1,14.4,-1.4,7.6,88.1,30.4,50.2,.6,11.83,0,10.6,4,7.2,9.1,8.7,8.9,1.9,1.2,293,49,8.2,.2,2.3,1.9,.49,-3.1
2012,9,1,16.7,-2.1,7,89,23.7,56.7,.56,13.38,0,11.6,2.9,6.8,8.8,8.3,8.6,.9,.2,317,70,4.5,.8,2.2,1.5,.52,-2.3
2012,10,1,20.3,-1.2,8.1,87.6,16.7,54.7,.66,13.66,0,12.6,3.4,7.6,8.5,7.9,8.1,.8,.6,86,40,3.6,2,2.3,1.6,.53,-2.1
2012,11,1,17.6,-.3,7.8,82.9,18.5,52,.63,9.12,0,10.4,3.4,6.6,8.5,8.1,8.3,1.1,.2,2,72,5,1.1,1.6,1.7,.5,-2.8
2012,12,1,15.9,1.9,8.5,75.8,19.7,48.2,.67,7.58,0,10.1,5,7.2,8.2,7.9,8,1.3,.7,295,54,5.9,.7,1.4,1.7,.49,-3.1
2012,13,1,20,-3.2,7.1,88.8,8.9,50.7,.73,14.55,0,11,3,6.7,8.2,7.8,8,1.3,.4,83,65,7.2,1.8,2.9,2.1,.41,-5.6
2012,14,1,22.3,-3.1,9.9,73.6,7.3,37.1,1.08,11.21,0,10.1,2.7,6.5,8.1,7.5,7.6,1.1,.6,111,56,5.4,2.5,2.5,2.2,.34,-8.1
2012,15,1,19.5,7.8,12.9,94,20.5,47.3,.84,5.77,6.1,11.8,7.8,9.6,9.2,8.1,8.6,1.3,.6,55,60,13,2.3,1.2,1.9,.69,.8
2012,16,1,15.6,7.2,11.7,98,60.2,83.7,.25,5.34,2.29,12.9,9.4,11.1,10,9.2,9.7,1.1,.3,357,68,6.7,.7,.3,1,1.14,8.9
2012,17,1,18.3,4.2,10.3,99,29.5,74,.44,14.12,0,15,6.7,10.3,9.9,9.6,9.8,.9,.2,46,72,4.5,1.5,2.2,1.6,.88,4.9
2012,18,1,19.4,.6,8.8,97.8,17.7,69.5,.51,14.78,0,14,4.9,9,10,9.5,9.7,1.1,.3,310,67,5.2,1.7,2.5,1.8,.71,2
2012,19,1,21.8,-.5,9.2,95.7,10.1,59.9,.73,14.87,0,13.9,4,8.4,9.8,9.2,9.5,1,.2,62,71,4.6,2.5,2.7,2,.57,-1.2
2012,20,1,22.3,.2,9.7,87.1,12.1,51.8,.8,13.76,0,13.3,3.7,8.1,9.6,9,9.3,.9,.4,69,61,3.3,2.8,2.5,2,.53,-2.2
2012,21,1,22.6,3.4,13,72.2,14.8,43.2,1.04,9.16,0,12.3,5,8.6,9.6,9,9.2,1.8,.4,271,71,7.5,3.2,2.2,2.7,.59,-.6
2012,22,1,15.6,2.1,10.2,83.3,15,45.8,.75,14.26,0,13,6.2,9.6,9.8,9.5,9.6,1.7,1.1,291,46,6,.6,2.9,2.1,.53,-2.2
2012,23,1,19.3,-.3,9.9,87.6,11.7,44.2,.89,11.38,0,12.1,4.2,8.3,9.8,9.1,9.3,1.2,.3,39,71,4.6,1.6,2.2,2.1,.45,-4.5
2012,24,1,14.5,6.4,11,73.8,29.2,53.1,.63,15.44,0,13.2,7.2,9.8,9.9,9.5,9.7,3.7,3.4,295,22,9.4,.4,3.4,2.7,.69,1.6
2012,25,1,17.7,.7,8.8,92.1,26.5,59.5,.59,15.11,0,13.1,4.5,8.5,9.8,9.3,9.6,1.6,.8,301,57,6.8,1.2,2.9,2.1,.62,.1
2012,26,1,23.2,.6,10.1,87.7,14,55.3,.8,15.48,0,14.9,4.8,9.4,9.6,9,9.2,.8,.1,353,78,5.7,3.2,2.9,2.1,.58,-.7
2012,27,1,22.5,1.3,11.7,84.5,17.2,50.8,.88,13.68,0,14.2,4.9,9.3,9.6,9.2,9.4,1.5,.4,310,69,5.9,3,2.9,2.5,.62,.2
2012,28,1,21,3.7,12,88.6,20.1,53.4,.82,14.85,0,14.6,6.7,10.3,10,9.6,9.7,1.3,.7,311,55,6.1,2.6,3.1,2.3,.67,1.2
2012,29,1,25.1,1.4,11.9,84.1,12.4,48.9,1,15.94,0,15.7,5.2,10,10.1,9.6,9.9,.7,.2,43,70,3.7,4,3.1,2.1,.57,-1.1
2012,30,1,23.8,2.5,12.4,77.1,10.7,40.8,1.12,15.97,.25,15.4,5.4,9.8,10.2,9.8,10,1.4,.4,349,70,8.3,3.6,3.6,2.8,.48,-3.6
2012,31,1,23.2,4.3,12.4,68.3,11.3,36.8,1.09,15.09,0,14.9,6.1,9.7,10.2,9.8,10,1.5,.4,30,71,7.2,3.5,3.5,2.9,.47,-3.8
2012,32,1,22.9,.4,11.2,76.8,11.3,39.8,1.04,15.47,0,14.7,4.7,9.3,10.2,9.7,9.9,1.1,.4,60,63,5.4,3,3.2,2.4,.44,-4.4
2012,33,1,20.9,-.3,9.2,72.5,11.6,39,.88,16.77,0,12.5,4.4,8.2,10.1,9.6,9.9,2.2,1.2,299,53,10.3,2.2,4,3.3,.38,-6.4
2012,34,1,17.3,-1.2,7.8,70.3,14,42,.75,15.92,0,12.9,3.3,7.5,9.8,9.1,9.5,1.2,.3,330,70,4.9,1,3.1,2.2,.4,-5.8
2012,35,1,18.8,-2.3,7.9,83.4,14.5,47.8,.73,15.43,0,12.2,3.3,7.4,9.5,8.9,9.2,1.2,.7,304,53,6.1,1.5,3,2.3,.44,-4.5
2012,36,1,22,-.5,9.7,78.1,14.6,46.6,.87,15,0,13,3.7,7.8,9.2,8.8,9,1.2,.2,45,73,6.1,2.6,3.1,2.5,.48,-3.3
2012,37,1,19,-.4,9.6,82.8,18.6,45.9,.82,15.14,0,12.7,4.2,8.3,9.2,8.9,9.1,1.3,.6,322,59,6.8,1.5,3.1,2.4,.48,-3.3
2012,38,1,24,1.3,13,73.9,17.6,41.8,1.14,15.98,0,14.4,5,9.4,9.5,9,9.2,1,.8,88,38,5.8,3.5,3.5,2.5,.54,-1.7
2012,39,1,20.4,8.3,14.4,74.8,22.2,42.2,1.02,12.68,0,14.1,8.5,10.9,10.2,9.5,9.8,1.6,1.2,104,40,9.5,2.8,2.9,2.6,.66,1
2012,40,1,22.6,3.5,13,87.6,20.9,51.1,.91,17.4,0,15.4,6.8,10.8,10.4,10,10.2,1.8,.9,291,55,9.1,3.1,3.9,3,.69,1.6
2012,41,1,24,2.9,13.1,78.4,12.4,43,1.1,17.73,0,16.1,6.6,10.9,10.6,10.2,10.4,1.2,.1,333,77,5.7,3.7,3.9,2.9,.56,-1.3
2012,42,1,26.7,4,15.2,69.6,9.5,32.6,1.44,17.7,0,15.7,6.3,10.7,10.8,10.4,10.6,1.8,.4,115,72,8.8,4.9,4.6,3.8,.47,-3.6
2012,43,1,19.4,6.8,13.8,79,21.3,40.2,1,14.53,0,14.9,8.4,11,11,10.6,10.8,2.3,1.5,275,46,11,2.1,3.6,3.1,.61,-.1
2012,44,1,19.2,3.1,11.8,80.2,21.8,48.5,.85,17.19,0,15.3,6.5,10.7,11,10.6,10.8,1.5,.3,206,71,8.1,1.8,3.5,2.7,.61,-.1
2012,45,1,13.7,2.4,9,93.8,42.2,67.2,.41,9.8,3.05,12.3,8.5,10.2,11.1,10.9,11,1.9,.5,334,70,10.1,.1,1.4,1.7,.75,2.9
2012,46,1,18.1,.1,8.6,98.4,19.5,61.4,.57,18.2,0,14.6,5.3,9.5,10.9,10.3,10.6,1.3,.7,77,54,6.8,1.3,3.1,2.4,.62,0
2012,47,1,16.2,5.3,10.6,79.2,24.8,52.8,.67,15.67,0,14.2,7.2,10.1,10.7,10.4,10.6,2.1,1.5,298,43,8.8,.8,3.2,2.7,.64,.4
2012,48,1,14.2,6.2,9.8,91,48,71.8,.36,8.27,0,13.3,8.3,10.2,10.8,10.5,10.6,1.1,.4,82,65,4,.3,1,1.5,.86,4.8
2012,49,1,20,1.8,10,95.1,17.7,60.2,.66,18.76,.51,16.1,6,10.5,10.8,10.4,10.6,1,.3,68,67,4.8,2,3.2,2.5,.66,.8
2012,50,1,19,3.5,11.4,76.2,18.7,47.4,.82,15.52,0,14,6.1,9.8,10.9,10.5,10.7,2.3,.9,279,62,10.7,1.7,3.5,3.1,.59,-.6
2012,51,1,18.8,2,10.7,88,13.2,48.8,.8,19.18,0,15.7,6,10.5,10.8,10.4,10.6,1.3,.1,313,76,5,1.6,3.7,2.7,.56,-1.6
2012,52,1,22.5,-.5,11.5,81.9,10.9,41.2,1.05,19.54,0,16.2,5.6,10.5,10.9,10.5,10.7,1.2,.4,312,64,5.9,2.8,4.1,3,.46,-4
2012,53,1,23.8,1.3,12.6,73.3,10,37.1,1.17,19.76,.25,16.2,6,10.8,11,10.6,10.9,1.5,.6,308,62,6.9,3.5,4.6,3.5,.45,-4.4
2012,54,1,24.5,1.9,13.8,68.7,9.7,32.7,1.33,19.99,.25,16.1,6,10.8,11.2,10.7,11,1.8,.7,326,63,8.1,3.8,4.9,3.9,.43,-5
2012,55,1,25.5,2.5,14.5,71.1,13.1,34.8,1.33,19.96,0,17.5,6.8,11.7,11.4,10.9,11.1,1.3,.6,317,59,6.5,4.2,4.6,3.5,.49,-3
2012,56,1,25.4,2.7,14,74.7,12.3,36.2,1.27,20.29,0,17.5,7.4,12,11.7,11.2,11.5,1.5,.4,342,69,8.1,4.3,4.8,3.7,.49,-3.1
2012,57,1,25.4,3.3,14.6,65,12.8,32.5,1.36,20.37,0,17.7,7.1,11.9,11.8,11.4,11.6,1.6,.4,144,69,8.4,4.3,4.9,3.8,.47,-3.6
2012,58,1,24.4,8.8,16.4,64.7,14.7,34.7,1.35,18.4,0,16.5,8.2,12,12,11.6,11.8,3.3,2,155,52,9.8,4.7,5.3,5,.61,-.2
2012,59,1,15.1,4.4,10.9,75.7,27.3,44.7,.75,21.02,0,16.8,8.6,12.1,12.1,11.8,12,2.1,1.2,262,52,9.5,.5,4.1,3,.57,-1.1
2012,60,1,19.1,-.5,9.4,83,13.1,46.2,.83,20.96,.25,15.9,6.2,10.7,12.2,11.5,11.9,1.5,.7,304,57,7.6,1.6,4.3,3.1,.47,-3.9
2012,61,1,21.8,1,11.6,67.2,9.8,33.8,1.1,21.48,0,16.5,6,10.8,11.9,11.3,11.6,1.6,.7,298,60,9.8,2.6,4.9,3.7,.39,-6.2
2012,62,1,15.7,1.4,9.3,66.1,7.1,32.3,.89,21.33,0,13.9,6.3,9.8,11.7,11.2,11.5,2.9,2.3,290,36,11.4,.6,5.2,3.8,.34,-9
2012,63,1,20.3,-2.9,9.1,52.2,7.9,23.7,1.06,22.27,0,15.4,3.7,9.2,11.4,10.6,11,1.6,.7,288,60,7,1.8,4.8,3.6,.23,-12.8
2012,64,1,26,-1.1,13.1,57.7,9.6,25.9,1.42,22.28,0,17.3,5,10.8,11.2,10.6,10.9,1.5,.9,299,53,6.5,4.2,5.4,4.1,.33,-8.3
2012,65,1,28.9,1.1,15.4,62.2,7.2,27.8,1.63,18.07,0,17.8,6.5,12,11.6,11.1,11.3,1.1,.3,346,68,5.8,5.6,4.3,3.6,.38,-6.3
2012,66,1,27.4,5.4,17.7,45.6,6.5,20.6,1.88,22.46,0,18.6,7.6,13,12.1,11.5,11.7,2.6,1.1,176,61,9.4,5.4,6.6,5.6,.34,-8
2012,67,1,18.6,4,12.4,51.8,13.2,21.2,1.17,20.18,0,16.3,9.3,12.5,12.4,12.1,12.2,4.6,3.6,302,37,12.4,1.6,5.8,5.3,.3,-9.6
2012,68,1,18.4,-1,9.5,51.7,14.5,28.6,.96,22.67,0,17.7,5.4,11.1,12.4,11.5,11.9,1.6,.3,88,72,7.3,1.3,4.6,3.5,.32,-8.6
2012,69,1,17.5,10.2,13.6,28.9,16.1,22.9,1.21,21.2,0,16.7,9.2,12.2,12.1,11.8,11.9,6.3,6.1,76,16,15.6,1.8,7,6.2,.35,-7.4
2012,70,1,17.8,5,12.1,56,20.4,34,.98,22.68,0,18.3,7.3,12.2,12.1,11.6,11.9,2.2,.5,70,72,8.4,1.4,4.9,3.8,.46,-3.8
2012,71,1,24,3.7,13.2,55.1,10.8,30.9,1.25,21.01,0,18.9,7.2,12.6,12.2,11.7,12,1.3,.5,61,63,5.5,3.7,4.6,3.7,.41,-5.6
2012,72,1,27.3,1.7,14.6,57.8,5.3,23.4,1.58,23.96,0,21,7.2,13.6,12.6,11.9,12.2,1.1,.4,74,66,4.8,5,5.5,4.1,.3,-9.7
2012,73,1,27.8,1.7,15.3,42.3,4.9,18.3,1.75,24.11,0,21.6,7.6,14.1,12.9,12.3,12.6,1.3,.4,331,69,6.9,5.2,6,4.5,.25,-11.6
2012,74,1,27.1,2.3,15.4,45.5,6.2,19.1,1.69,24.31,0,22.2,8.4,14.9,13.3,12.7,12.9,1.4,.3,344,71,6.4,5,6,4.5,.28,-10.3
2012,75,1,29,3.1,16.7,47.5,5.5,19.3,1.86,24.34,0,23,8.9,15.5,13.7,13.1,13.3,1.2,.1,349,76,5.4,5.9,5.9,4.4,.3,-9.4
2012,76,1,28.9,4.5,16.8,41.4,6.6,20.4,1.83,24.56,0,23.5,9.7,16.1,14.1,13.5,13.7,1.5,.5,336,66,7.9,6,6.3,4.9,.32,-8.5
2012,77,1,26.4,8.9,18.5,38.9,8.6,20,1.86,21.12,0,21.4,10.6,16,14.3,13.9,14.1,2.5,1.4,156,54,9.2,5.7,6.1,5.4,.4,-5.8
2012,78,1,17.8,4.8,10.4,95.1,29.5,59.9,.57,9.91,11.18,16.2,10,13.4,14.5,14,14.3,3.1,1.3,248,61,11.2,1.4,1.9,3,.72,2.2
2012,79,1,9.6,1.9,6.3,92.9,39.3,69.2,.31,10.92,3.56,11.6,7.4,9.5,14,12.7,13.3,2.3,1.8,276,38,13.6,0,1.6,1.8,.65,.7
2012,80,1,14.3,-1.2,7.6,98,29,59.9,.53,24.5,0,15.6,4.4,9.7,12.7,11.6,12.1,2.4,1.7,290,43,9.8,.2,4.6,3.2,.57,-1
2012,81,1,22.5,.3,11.8,93.8,15.5,49.6,.93,25.23,0,18.8,5.5,11.9,12.1,11.5,11.8,2,1,285,55,9.6,2.9,5.5,4.3,.59,-.7
2012,82,1,26.9,3.6,15.5,91.2,11.6,47.1,1.3,25.5,0,22.1,7.8,14.5,12.8,12,12.2,1.2,.4,339,66,5.9,5.1,5.7,4.4,.67,1
2012,83,1,28.5,8.8,18.3,75.6,10.9,37.9,1.61,25.16,0,23.7,10.3,16.5,13.8,12.8,13.1,1.3,.3,93,72,6.4,6.6,6,4.7,.67,1
2012,84,1,30.7,6.4,19,78.4,8,34.4,1.86,24.73,0,24.4,10.9,17.3,14.5,13.8,14,1.2,.3,44,68,5.9,7.2,6,4.7,.59,-.8
2012,85,1,28.7,9,19.9,65.2,7.9,26.8,1.96,18.98,0,22.4,12.1,17,15,14.5,14.7,1.7,.8,154,59,7.1,6.8,5.2,4.8,.52,-2.5
2012,86,1,23.3,9,16.5,73.6,24.2,44.7,1.15,25.06,0,24.4,12.5,17.8,15.4,14.8,15,2.2,1.7,300,37,7.3,4.2,5.9,4.7,.79,3.5
2012,87,1,28.8,5.4,17.5,82.2,9.9,38.9,1.6,25.8,0,25.7,11.6,18.1,15.7,15.1,15.4,1.3,.7,309,56,8.2,6.1,6.2,4.8,.62,-.1
2012,88,1,28.8,7.2,18.4,66.3,9,31.4,1.77,26.05,0,26.2,12.3,18.8,16.1,15.5,15.8,1.4,.8,312,55,7.3,6.4,6.5,5.1,.55,-1.6
2012,89,1,27.8,6.6,17.9,66.6,8,29.7,1.73,25.88,0,25.9,12.5,18.7,16.4,15.9,16.1,1.6,.8,326,57,7.8,5.9,6.6,5.1,.5,-2.9
2012,90,1,29.9,8.2,19,57.5,9.6,27.5,1.92,26.44,0,27.2,12.8,19.4,16.8,16.1,16.4,1.3,.3,345,70,6.3,7.2,6.7,5.2,.51,-2.6
2012,91,1,31.9,9.7,21.5,54,7.9,24.3,2.28,26.13,0,27.6,13.3,19.9,17.1,16.5,16.8,1.4,.1,147,78,7.1,8.3,6.9,5.4,.53,-2.2
2012,92,1,23.3,9.6,16.7,49.8,12.3,28.2,1.44,26.26,0,24.5,13.4,18.6,17.3,16.7,17,3.9,3.2,303,33,12,4.3,7.6,6.3,.52,-2.4
2012,93,1,18.2,3.6,12,74.1,10.1,28.1,1.11,26.87,0,21.5,10.6,15.8,17.1,16.1,16.6,3.1,2.8,299,28,11.4,1.5,6.9,5.1,.35,-7.9
2012,94,1,23.3,2.9,14,53.2,10.7,24,1.42,27.12,0,23.4,9.4,16,16.4,15.4,15.9,1.9,.8,316,61,8.8,3.3,6.6,5.1,.33,-8.2
2012,95,1,26.8,4.4,16.4,53.9,8.4,25,1.66,25.72,0,24,9.9,16.6,16,15.3,15.6,1.4,.3,334,72,6.4,5.1,6.2,4.8,.39,-6.1
2012,96,1,29.9,7.3,19.7,49.3,7.1,21.4,2.13,26.51,0,25.9,11.5,18.2,16.1,15.5,15.8,1.7,.5,224,67,8.7,7,7.2,5.6,.4,-5.9
2012,97,1,26.1,7.7,18.4,52.6,10.2,23.5,1.81,25.67,0,24.2,11.8,18,16.4,15.9,16.1,2,1.3,306,47,7.8,5.4,6.8,5.4,.43,-4.8
2012,98,1,30.8,7.2,19.7,49.6,7.9,20.3,2.14,24.63,0,25.4,11.7,18.2,16.5,15.9,16.3,1.6,.9,304,55,8.2,7.3,6.6,5.6,.39,-6
2012,99,1,33.1,7.4,22.1,53.2,8.2,19.2,2.51,26.54,0,27.6,12.5,19.6,17,16.3,16.5,1.6,.5,304,67,6.5,8.1,7.2,5.9,.43,-4.7
2012,100,1,32.3,10.4,22.5,46.8,7.5,18.9,2.51,24.83,0,25.9,13.9,19.8,17.4,16.8,17.1,1.3,.3,323,70,8.8,8.5,6.7,5.4,.44,-4.3
2012,101,1,32.5,9.4,22.5,50.4,6.8,21,2.48,24.08,0,27.9,14.2,20.6,17.8,17.2,17.4,1.5,.3,129,73,7,8.5,6.5,5.6,.49,-3.3
2012,102,1,26,12.3,19.2,49.4,15.3,33.3,1.56,27.39,0,26.9,15.5,20.7,18.2,17.7,17.9,3.1,1.7,260,54,9.9,6.5,7.4,6.4,.72,2.3
2012,103,1,21,8.4,15.3,74.1,18.7,41.8,1.1,23.99,0,25.4,14.2,19.1,18.3,17.7,18,1.8,1.4,300,35,7.8,3.1,5.3,4.4,.69,1.3
2012,104,1,24.4,5.8,16.6,61.6,8,27.3,1.6,27.59,0,25,12,18.4,18.1,17.2,17.6,2.2,.8,274,65,8.9,4.3,7,5.5,.43,-5.4
2012,105,1,16.9,6.2,12,93.6,14.1,44.3,.85,18,4.06,17.4,11.4,14.4,17.8,16.7,17.3,3.9,3.1,266,37,12.5,1.1,4.5,4.3,.58,-1.7
2012,106,1,18.9,3.1,12,90.1,25.6,50.7,.83,27.91,0,20.6,8.5,14.4,16.7,15.5,16,2.2,1.6,291,41,9.1,1.7,5.9,4.3,.64,.7
2012,107,1,26.1,4.4,16.2,85.9,13.8,43.3,1.36,28.39,0,25,9.9,17.1,16.1,15.4,15.7,1.2,.4,316,67,6.1,4.7,6.2,4.8,.66,.9
2012,108,1,31.6,7,19.2,87.5,15.7,43.2,2.23,29.02,0,27.1,10.3,18.4,16.8,15.5,15.9,1.5,.4,237,87,7.5,7.6,7.4,6,.57,-1.6
2012,109,1,34,9.3,21.9,55.2,4.4,23.1,2.46,28.95,0,27.5,13,20,17.5,16.8,17,1.6,.3,277,72,8.4,8.8,7.9,6.5,.47,-4
2012,110,1,32.2,9.5,23.3,51.8,6.6,17.9,2.65,28.6,0,28.6,14.2,21.1,18.1,17.3,17.6,2.2,.8,311,65,7.6,8.4,8.2,6.9,.43,-5
2012,111,1,34.3,11.7,25,62.5,9.6,20.5,2.84,28.79,0,31,16.2,23.2,19,18.1,18.4,1.8,.9,308,58,8.1,9.5,8.1,6.8,.57,-1
2012,112,1,36.8,12,25.4,77.9,6.6,25,2.94,28.88,0,31.2,16.7,23.5,19.7,18.9,19.2,1.3,.3,18,71,6.7,10.2,7.9,6.4,.65,.7
2012,113,1,38.2,12.4,27,54.6,2.4,20.1,3.4,29.39,0,31.8,16.7,23.9,20.1,19.4,19.7,1.5,.4,340,69,6.3,10.4,8.3,6.8,.55,-2.1
2012,114,1,37.6,16.3,28.2,49.2,7.1,18.9,3.39,26.24,0,31.2,17.9,24.2,20.6,19.9,20.2,1.7,.6,228,66,8.3,12.1,7.8,6.8,.65,.8
2012,115,1,34.4,13.9,26,71.7,9.3,26,2.81,29.23,0,31.2,18,24.3,20.9,20.3,20.6,1.8,1,308,56,8.4,10.5,8.3,6.9,.76,2.5
2012,116,1,34.9,16.1,25.6,59.4,6.4,19.2,2.92,17.98,0,28.1,18.7,23.3,21.1,20.5,20.8,1.7,.2,336,75,8.4,11.6,5.5,5.8,.56,-1.5
2012,117,1,26.9,13.1,22.1,65.1,12.5,26.2,2.03,23.78,0,26.2,18.6,21.8,20.9,20.4,20.6,2.8,1.8,268,49,12.9,7.2,7,6.2,.68,1.2
2012,118,1,28.5,9,20,60,12.9,32.1,1.81,28.9,0,28.4,14.7,21.2,20.6,19.6,20.1,1.9,1.3,298,48,8.3,6.7,7.4,6,.67,1.2
2012,119,1,31.2,10.2,21.9,76.6,12.7,29.9,2.14,28.56,0,29,15.3,21.9,20.2,19.6,19.9,1.9,1,316,57,7.8,8.2,7.6,6.4,.68,1.4
2012,120,1,31.8,15,23.7,53.9,9,26.1,2.39,28.62,0,29.5,16.3,22.5,20.4,19.8,20.1,1.8,.2,16,76,7.2,10.4,7.7,6.5,.69,1.5
2012,121,1,32.9,12.3,24.6,56.7,10.6,26.6,2.53,28.5,0,30.7,16.6,23.3,20.7,20,20.3,1.7,.7,308,61,6.6,9.5,7.7,6.4,.74,2.6
2012,122,1,33.1,14.8,25.3,66.3,6.5,23,2.72,29.3,0,29.1,17.3,23,21,20.4,20.7,1.8,.4,246,70,7.6,10.6,8.1,6.8,.65,.2
2012,123,1,31.9,12.4,24,57.7,6.5,23.4,2.54,29.59,0,31.2,17.5,24,21.2,20.6,21,1.9,.2,184,77,7.5,9.1,8.1,6.7,.6,-1
2012,124,1,33.7,13.3,24.5,48.8,5.5,20.6,2.74,29.72,1.02,29,18.1,23.2,21.4,20.8,21.1,1.8,.3,197,75,7.2,10.1,8.2,6.9,.54,-2.3
2012,125,1,33.7,11.6,24.1,45.6,6.3,19.5,2.75,29.93,0,30.1,16,22.8,21.3,20.6,21,1.6,.4,312,69,7.2,9.4,8.3,6.6,.5,-3
2012,126,1,34.1,13.2,23.9,66.1,4.3,18.6,2.77,28.74,0,29.8,16.2,22.8,21.3,20.7,21,1.9,.4,198,71,8.9,10.1,8.2,7,.45,-4.6
2012,127,1,33.7,13.6,24.3,37.5,4.5,15.4,2.87,30.37,0,30.3,16,22.8,21.3,20.6,20.9,2.3,.5,229,72,9.6,10.2,9,7.7,.38,-6.6
2012,128,1,30.8,10.8,22.3,31.4,5,12.8,2.57,30.43,0,29,14.8,21.8,21.2,20.4,20.8,2.2,.9,292,61,10.7,8.2,8.6,7.1,.3,-9.7
2012,129,1,31.8,10,23,50,4.1,13.1,2.66,28.31,0,27.8,14.8,21.2,21,20.2,20.6,2.5,.9,317,64,11.5,8.3,8.4,7.5,.32,-9.1
2012,130,1,28.3,11.9,21.1,77.5,14.5,36.7,1.7,16.04,0,24,17.8,20.5,20.7,20.2,20.4,4,3.4,95,30,13.8,7.5,5.4,6.3,.87,4.9
2012,131,1,31.4,12.2,21.9,80.5,12.2,37.4,1.97,29.07,0,28.5,15,21.5,20.3,19.5,19.9,2,1,309,57,8.6,8.9,7.7,6.6,.85,4.3
2012,132,1,34.9,13.1,25.4,50.5,5.9,22.1,2.91,29.23,0,30.6,16.1,23,20.5,19.8,20.1,1.9,.5,294,70,9.2,10.2,8.4,7.2,.59,-1
2012,133,1,35,12.1,25.2,56.1,4.2,17.2,3.03,30.09,0,30.1,16.3,23.1,20.8,20.2,20.5,1.9,.8,316,61,9.3,9.8,8.7,7.3,.45,-4.6
2012,134,1,36.5,11.4,25.5,49.6,4.7,17.1,3.17,30.24,0,31,16.2,23.3,20.9,20.3,20.7,1.6,.7,331,62,7.8,9.7,8.7,7.1,.45,-4.3
2012,135,1,37.5,12.8,26.5,48.6,3.1,16.4,3.37,30.59,0,31.2,16.8,23.8,21.2,20.6,20.9,1.7,.8,321,60,7.5,10.6,8.9,7.4,.44,-5.2
2012,136,1,36.7,17.2,30.3,51.7,5.7,14.6,3.87,30.18,0,27.3,17.3,22,21.5,20.8,21.1,3.4,3.2,103,22,10.3,12.4,10.4,9.6,.58,-1.1
2012,137,1,38.8,20,31.1,37.2,4.4,11.9,4.18,29.76,0,31.1,17.4,23.7,21.3,20.6,20.9,3.1,.2,140,78,8.8,13.9,10.2,9.6,.5,-3.1
2012,138,1,37.4,14.9,28.1,57.5,3.9,16.5,3.59,30.6,0,29.1,17.9,23.5,21.6,21.1,21.4,2,.5,221,70,10.9,11.5,9.3,7.9,.52,-2.7
2012,139,1,35.3,19,28.2,46.7,6.8,17.5,3.36,29.56,0,28.8,17.9,23.1,21.7,21.1,21.4,2.7,1.1,217,61,10.2,13,9.4,8.4,.61,-.3
2012,140,1,33.8,15.1,25.2,53.2,5.7,18.9,2.89,30.63,0,28.9,16.9,22.8,21.6,21,21.3,1.7,.6,318,66,8.7,11,8.5,7,.51,-2.7
2012,141,1,37.6,13.2,26.4,39.9,3.9,15.7,3.37,30.72,0,29.8,16.3,22.9,21.5,20.9,21.2,1.2,.4,322,68,6.3,10.8,8.5,6.7,.44,-4.8
2012,142,1,40.5,13.1,28.9,40.5,2.3,12.8,4.03,31.15,0,32.5,17.3,24.6,21.9,21.1,21.4,1.7,.6,266,64,8.4,11.2,9.3,7.8,.39,-6.6
2012,143,1,40.3,15,29.3,45.6,2.3,12.1,4.07,30.8,0,31.6,18,24.8,22.3,21.6,21.9,2.3,1,268,61,13.2,11.9,10,8.8,.4,-6
2012,144,1,38.6,19.8,30.1,47.8,3.7,11.7,4.07,30.59,0,31.5,18.1,24.8,22.5,21.9,22.2,2.9,1.6,200,54,11.1,13.8,10.5,9.5,.45,-4.3
2012,145,1,35.7,22.2,29.5,31,8.9,15.6,3.6,29.6,0,29.5,18.5,23.9,22.5,21.9,22.2,2.7,1.3,167,57,8.7,14.5,9.5,8.6,.63,.4
2012,146,1,34.9,21.2,28.7,44,8.6,16.6,3.4,30.37,0,31.2,18.6,24.6,22.5,21.8,22.1,3,2.1,156,46,9.2,14,9.9,9,.64,.4
2012,147,1,28.3,18.1,23.4,51.6,8.9,23,2.26,30.15,0,28,18.4,22.8,22.5,21.8,22.2,3.8,3,297,38,11,10.4,9.2,8.4,.66,-.2
2012,148,1,29.1,9.2,20.9,44.9,4.3,13.6,2.32,31.89,0,27.1,14.2,20.6,22.1,20.8,21.4,1.9,1.1,296,54,7.4,7,8.4,6.8,.29,-9.9
2012,149,1,33.9,8.7,22.8,41.9,3.9,15.1,2.74,31.89,0,28.3,14.2,21.1,21.2,20.4,20.8,1.4,.5,320,65,7.9,8.6,8.5,6.7,.33,-8.4
2012,150,1,37,11.6,25.4,57.3,3.1,13.6,3.27,31.92,0,29.4,14.9,22,21,20.4,20.7,1.8,.7,308,64,8.6,9.9,9.2,7.7,.34,-8.1
2012,151,1,35.5,12.4,25.9,38.5,3.5,12.8,3.27,31.71,0,28.9,15.8,22.4,21.2,20.5,20.9,1.8,1.2,308,48,8.1,9.9,9.2,7.5,.35,-7.6
2012,152,1,38.7,14.6,27.4,55.7,3.1,13.7,3.61,28.8,0,28.2,16.4,22.3,21.3,20.7,21,1.8,.8,294,58,7.2,11.6,8.6,7.6,.41,-5.6
2012,153,1,41.3,17.3,30.9,30.7,3.3,11.1,4.45,29.94,0,30.8,17,23.7,21.5,20.8,21.1,2,.8,297,62,8.1,13.1,9.5,8.4,.42,-5.4
2012,154,1,38.6,17.1,29.6,62.6,5.2,14.6,3.92,23.48,0,27.4,18.2,22.9,21.9,21.3,21.5,2.1,.6,305,68,8.4,12.6,7.7,7.6,.51,-2.6
2012,155,1,37.6,15.6,29,37.3,5.3,15.8,3.69,32.19,0,29.9,17.5,23.7,21.9,21.2,21.6,1.7,.7,226,64,7.5,11.9,9.4,7.8,.57,-1.1
2012,156,1,37.5,19.3,29.3,31.8,5.8,15.2,3.71,30.93,0,30.2,18,24.1,22.3,21.6,21.9,2,.7,285,66,8,13.5,9.3,8.1,.57,-1.2
2012,157,1,37.6,16.3,28.7,52.5,7,17.8,3.56,30.94,0,29.5,18,23.8,22.5,21.9,22.1,2.1,1.2,299,54,8.1,12.2,9.3,8.2,.62,.1
2012,158,1,38.8,16.3,29.2,37.5,2.1,16.7,3.78,31.36,0,29.5,18.1,23.9,22.6,21.9,22.3,2.1,.9,260,61,9.7,12.4,9.6,8.4,.56,-2.1
2012,159,1,38.9,14.4,28.8,63.8,3.1,15.1,3.79,31.64,0,29.8,17.8,23.8,22.7,22,22.4,1.6,.4,245,69,8.9,11.6,9.2,7.6,.47,-4.2
2012,160,1,39.4,16.6,29.3,34.4,2.7,13.4,3.96,31.62,0,30.1,17.8,23.9,22.7,22.1,22.4,1.6,.5,198,68,8.1,12.6,9.3,7.6,.45,-4.8
2012,161,1,38.8,17.5,29.3,54.6,3.2,14.4,3.89,31.64,0,29.9,17.8,23.9,22.8,22.2,22.5,2.2,.9,209,62,9.6,12.9,9.9,8.5,.48,-3.9
2012,162,1,37.6,18.6,29.3,29.4,6.9,14.7,3.73,30.69,0,31.5,18,24.4,22.9,22.2,22.5,2.2,.3,248,75,8,13.2,9.4,8.3,.55,-1.4
2012,163,1,38.5,19.1,30.2,35.5,6.9,17,3.87,29.74,0,31.9,19.4,25.2,23,22.4,22.7,1.8,.5,293,70,8,13.5,8.9,7.7,.64,.5
2012,164,1,39.4,16.7,30.2,54,4.1,14.6,4.04,30.69,0,30.9,18.9,24.8,23.4,22.6,22.9,1.7,.9,303,56,9.4,12.6,9.2,7.7,.53,-2.1
2012,165,1,39.5,17.7,30.8,33.3,4.4,12.4,4.23,30.89,0,32.7,18.9,25.3,23.4,22.7,23,1.8,.9,280,56,7.7,13,9.4,7.9,.48,-3.5
2012,166,1,38.4,18.3,30.1,41.6,4.9,15.2,3.89,30.93,0,32.2,19,25.4,23.5,22.9,23.2,2,.5,220,69,10.9,13.1,9.3,8.2,.61,-.4
2012,167,1,38.4,20,30.2,42.4,4.5,18.4,3.78,30.77,0,34.7,20.8,27.2,23.9,23.2,23.4,2,.8,153,62,7.3,13.9,9.3,8.1,.69,1
2012,168,1,37.5,17.3,27.2,69.7,13,30,2.75,21.13,.76,33,20.4,25.3,24,23.5,23.8,1.8,.8,74,61,13.4,12.6,6.3,6.5,1.03,7
2012,169,1,40.1,18.7,31.1,66.1,6.3,26.6,3.8,30.28,0,34.1,19.9,26.6,23.9,23.3,23.6,2.1,1.3,299,51,9.1,13.5,9.3,8.4,1,6.4
2012,170,1,40.3,20,32,38,6.3,17.5,4.32,30.4,0,35.1,21,27.8,24.4,23.7,24,2.8,2,301,43,10,14,10.4,9.5,.72,1.9
2012,171,1,39.6,19.4,31.1,53.5,2.4,12.2,4.33,32.13,0,32.5,20.7,26.3,24.6,24,24.3,2.6,1.7,288,46,10.3,13.7,10.8,9.4,.45,-5.1
2012,172,1,40.2,16.1,30.3,24.8,2.6,9.7,4.32,31.85,0,33.6,18.6,25.7,24.5,23.6,24,2,1,299,57,7.4,12.5,9.9,8.5,.35,-7.7
2012,173,1,40.9,18.8,31.6,49.3,4.8,14.2,4.38,30.73,0,32.2,19.5,25.7,24.2,23.5,23.9,1.8,.9,297,58,6.6,13.6,9.3,8.1,.59,-.7
2012,174,1,41.3,20.6,33,41,10,19.4,4.35,29.64,0,34.6,20.9,27.4,24.3,23.6,23.9,2.4,1.8,298,41,9.1,14.4,9.7,9.1,.91,5.5
2012,175,1,40.5,21.6,32.8,43.8,10.3,18.1,4.34,29.61,0,36.2,22.1,28.7,24.9,24.2,24.4,2.5,1.9,303,41,9.7,14.7,9.8,9.1,.84,4.4
2012,176,1,38.9,26.1,32,54.2,11.8,29.9,3.43,24.85,0,35.9,23.4,28.5,25.1,24.6,24.9,2.2,1.4,292,48,9.9,16.3,7.7,7.7,1.39,11.7
2012,177,1,39.5,23.7,32.2,52.2,15.6,30.3,3.56,28.83,0,36.2,23.6,29.3,25.4,24.8,25.1,1.9,.8,270,62,9.1,15.5,8.7,7.9,1.38,11.7
2012,178,1,40.6,26.4,32.5,56.9,15.6,31.7,3.47,22.24,0,37.2,25.2,29.7,26,25.4,25.6,1.8,.1,17,79,10.7,16.4,7,7.1,1.5,13
2012,179,1,41.9,26,32.4,47.4,14.1,30.2,3.57,25.22,0,38.5,24.4,29.9,26.1,25.5,25.8,2.3,.2,352,77,9.9,16.3,8.2,8.3,1.41,12.1
2012,180,1,39.8,25.5,32.9,56.1,15.8,29.9,3.72,29.28,0,36.5,24,29.8,26.4,25.7,26,2.5,.8,292,67,9.4,16.1,9.3,8.8,1.42,12.2
2012,181,1,40.6,24.3,33.7,49,14,26.1,4.1,28.69,0,37.4,24.5,30.4,26.7,26,26.3,2.5,1.6,302,48,8.3,15.8,9.4,8.8,1.29,10.6
2012,182,1,39.6,26.2,33.5,53.7,11.2,26,4.01,29.33,0,33,24.5,28.3,26.8,26.1,26.5,3.5,2.8,288,38,10.2,16.3,10.4,10.1,1.26,9.9
2012,183,1,40.3,26,33.4,43.9,10.7,20.3,4.31,25.89,0,34.5,23.4,28.1,26.5,25.7,26.1,2.3,1.4,303,52,9.1,16.3,8.7,8.3,.98,6.6
2012,184,1,39.7,24.1,31.8,51.9,15.6,30.1,3.49,27.36,0,32.3,23.4,27.6,26.5,25.7,26,2.5,.6,313,70,10.4,15.7,8.7,8.4,1.36,11.4
2012,185,1,34.8,22,28.7,91.5,27.1,45.3,2.27,18.1,3.81,28.8,23.5,25.9,26.1,25.5,25.8,2.4,.8,324,65,9.2,14.3,5.3,6,1.73,15.1
2012,186,1,30.9,21.1,23.8,96.1,41.3,79.4,.67,15.07,7.62,28.6,23.4,25.1,25.7,25.1,25.3,1.9,.2,4,78,9.4,13.1,3.2,4.1,2.3,19.7
2012,187,1,34.9,20,27.5,97,15.6,55.5,1.99,29.47,.25,30.9,21.5,25.8,25.2,24.6,24.9,1.6,.8,294,58,7.7,13.4,7.6,6.8,1.82,15.6
2012,188,1,36.5,23,30.1,72.9,19.4,38.7,2.87,28.14,0,33.2,22.7,27.3,25.4,24.9,25.1,2.8,2.1,293,40,9.5,14.9,8.8,8.2,1.52,12.9
2012,189,1,38,22.8,31.4,61.9,8.6,27.1,3.63,27.59,.51,33.1,23,27.5,25.8,25.2,25.5,2.3,.8,278,65,8.3,15,8.8,8.1,1.11,7.8
2012,190,1,39.2,25.8,31.4,57.8,18.4,35.2,3.12,21.18,0,34.9,24.4,28.3,25.9,25.5,25.7,1.9,1.2,99,48,8.3,16.1,6.4,6.7,1.57,13.6
2012,191,1,40.2,24.5,32.6,59.2,14,33.1,3.61,23.46,0,34.4,24.3,28.9,26.2,25.7,25.9,1.7,.9,323,58,8.3,15.8,7.2,7,1.49,12.7
2012,192,1,40,25.2,32.5,79.3,16.8,34.9,3.38,23.7,4.06,32.9,24.5,28.1,26.4,26,26.2,1.8,1,103,53,11.8,16,7,7,1.62,14.1
2012,193,1,39.2,24.1,32.6,79.7,18.4,39.5,3.28,29.4,.25,33.3,24.4,28.2,26.4,25.9,26.1,2.8,2.1,88,39,9.4,15.6,9.3,8.7,1.77,15.4
2012,194,1,39.4,25.4,31.3,71.3,16.2,44.8,2.77,25.07,0,36.8,24.8,29.7,26.7,26.1,26.3,1.9,.5,257,69,8.1,16.1,7.3,7.2,1.91,16.6
2012,195,1,34.5,24.4,28.5,70.9,31.1,51,2,19.09,0,31.3,24.5,27.4,26.8,26.4,26.6,1.8,.2,126,76,6,15.4,5.2,5.5,1.95,17.1
2012,196,1,33.1,24.1,27.1,84.8,43.2,64.2,1.34,17.25,0,31.1,25.1,27,26.7,26.2,26.4,1.5,.6,287,64,10.3,15,4.3,4.6,2.29,19.6
2012,197,1,36.5,18.7,26.7,92.8,27.5,63,1.52,23.26,43.69,32.9,23.5,26.8,26.5,26,26.2,2.1,.4,77,74,17.1,13.1,6.1,6.3,2.09,18.1
2012,198,1,34.5,20.7,28,89.2,29.4,53.1,1.97,23.43,0,30.6,22.3,26.2,26.2,25.6,25.9,1.6,.8,78,55,6,13.7,5.9,5.8,1.91,16.7
2012,199,1,36,23.1,29.6,73,16.9,41.2,2.66,28.38,0,33.3,23.1,27.8,26.2,25.6,25.8,1.7,.7,317,63,6.9,14.9,7.8,7.1,1.59,13.5
2012,200,1,37.1,20.7,30.2,68.3,13.6,30.7,3.26,28.48,0,34.3,22.8,28.2,26.4,25.9,26.1,2.2,1.6,288,43,9,14.1,8.7,7.8,1.18,9.1
2012,201,1,37.3,22.8,30.5,60.9,14.3,31,3.22,24.13,0,34.2,24.2,28.7,26.6,26.1,26.4,2.3,1.5,295,48,8.9,15,7.6,7.4,1.27,10.3
2012,202,1,37.8,22,28.6,94.3,21,53.2,2.14,21.74,6.6,34.8,24.6,28.9,26.8,26.4,26.6,1.7,.4,68,71,9.7,14.6,5.9,6.1,1.91,16.6
2012,203,1,35.8,22,27,95.6,28.5,67.7,1.35,19.47,.51,32.7,24.3,27.4,26.9,26.4,26.6,1.1,.8,86,42,9.9,14.5,4.7,4.9,2.29,19.6
2012,204,1,33.3,22.7,26.2,82.3,35,67.4,1.17,14.85,0,31.1,24,26.8,26.6,26.1,26.3,1.5,1.3,88,33,8.7,14.4,3.4,4.2,2.26,19.4
2012,205,1,37.6,22.4,28.5,85.8,23.5,56.6,1.93,25.97,.25,35.4,23.6,28.7,26.5,25.9,26.1,1.6,.6,79,64,10.6,14.8,6.9,6.6,2.08,18.1
2012,206,1,34.1,22.8,26.9,81.5,31.9,60.2,1.5,12.92,0,30.6,24.7,27,26.7,26.4,26.5,1.8,1.3,79,44,8.7,14.6,3.2,4.4,2.09,18.1
2012,207,1,37.2,23.2,29.6,74.6,17.2,42.7,2.72,26.3,0,33.9,23.5,28,26.5,25.9,26.1,1.9,.9,341,59,9.1,15.1,7.5,7.1,1.59,13.4
2012,208,1,36.6,23.2,30.2,74.2,19.1,39.2,2.86,26.65,0,34.7,24.3,28.9,26.6,26.1,26.3,1.7,1,303,52,8.5,15.1,7.6,6.9,1.56,13.4
2012,209,1,37.8,24.7,30.9,72.4,18.8,38.2,3.01,22.8,.25,34.5,25.5,29.6,26.8,26.4,26.6,2.6,.6,354,70,14.8,15.7,7.2,7.5,1.59,13.8
2012,210,1,36,23.5,27.1,87.1,30.9,64.8,1.41,17.66,.51,33.6,25.6,28.3,27,26.6,26.8,1.4,.8,101,54,11.2,15.1,4.5,4.9,2.25,19.3
2012,211,1,34.5,21.9,25.8,91.8,33.1,73.9,1.04,17.71,3.3,31.7,24.1,27,27,26.4,26.6,1.6,1.1,87,46,10.2,14.2,4.3,4.8,2.36,20.1
2012,212,1,35.6,21.9,28.6,95.6,22,55,2.07,25.76,2.29,32.3,23.8,27.5,26.7,26.1,26.4,1.7,.2,111,75,9.2,14.4,6.7,6.4,1.96,16.8
2012,213,1,35.8,22.3,29.1,82.2,25.9,47.4,2.32,24.51,1.78,32.3,23.4,27.2,26.6,26.1,26.4,2.2,.3,275,76,6.1,14.6,6.7,6.7,1.81,15.9
2012,214,1,36.4,24,30.1,75.2,17.3,42.4,2.72,27.41,0,33.9,24,28.5,26.9,26.3,26.5,1.6,.8,316,149,7.3,15.3,7.5,6.8,1.65,14.1
2012,215,1,37.6,21.6,30.1,77.2,18.5,40.2,2.86,26.1,0,34.8,23.7,28.8,27.1,26.5,26.7,1.2,.4,334,66,6.7,14.5,7.1,6.3,1.57,13.5
2012,216,1,38.6,22,30.7,65.2,14.4,34.1,3.26,26.47,0,35.6,23.7,29,27.2,26.6,26.9,1.3,.5,6,65,7.3,14.7,7.5,6.5,1.35,11.2
2012,217,1,38.9,22.5,31.4,67.2,14.3,32.8,3.4,23.17,0,34,23.8,28.6,27.3,26.7,27,1.4,.2,71,74,10.2,15,6.6,6.3,1.38,11.6
2012,218,1,39.4,22.9,30.8,90.5,19,41.8,2.9,25.32,21.84,37.1,24.6,29.5,27.8,26.7,27,2.3,.6,49,70,22,15.2,7.5,7.5,1.7,14.8
2012,219,1,40,22.8,30.5,91.1,18.8,51.4,2.5,25.4,0,33.8,24.4,28.6,27.9,26.9,27.2,1.9,.9,321,60,8.3,15.2,7,7,2.05,17.7
2012,220,1,39.2,22.8,32.1,88.3,18,42.7,3.11,25.07,0,34.9,24.4,29.3,27.5,26.9,27.2,2.1,1.4,307,48,7.5,15.1,7.7,7.2,1.85,16
2012,221,1,41.5,25.3,32.4,70.7,18,40.9,3.11,23.67,.51,38,26.2,31.1,28.1,27.4,27.6,2.1,.8,51,64,12.2,16.1,7.3,7.5,1.88,16.5
2012,222,1,40.8,24.4,32.2,77.1,11.4,41,3.2,25.22,0,37.1,26.1,31,28.4,27.9,28.1,1.6,.6,351,65,7.6,15.7,7.3,6.9,1.78,15.2
2012,223,1,41,23.1,32.9,61.8,13,32.2,3.77,23.07,0,35.4,24.9,30.1,28.5,28,28.3,1.7,1.2,81,44,9.4,15.4,7.1,6.8,1.45,12.3
2012,224,1,39.2,24.7,32,66.8,16.2,35.7,3.23,14.73,.25,31.7,25.5,28.2,28.4,27.9,28.1,1.2,.2,63,73,6.5,15.8,4.2,4.8,1.62,14.1
2012,225,1,42.9,21.4,32.5,74.7,7.1,35,3.83,25.88,0,34.7,23.5,28.8,28,27.2,27.5,1.2,.5,65,62,6.1,14.8,7.4,6.5,1.43,11.8
2012,226,1,42.5,25,33.8,54.2,9.8,27.5,4.18,22.4,0,32.9,24.5,28.1,27.8,27.3,27.6,1.8,.8,57,60,9.1,16.1,7.2,7.1,1.31,10.8
2012,227,1,40.6,23.1,31.6,88.1,14.2,38.6,3.26,23.75,7.37,32.3,24.2,27.7,27.7,27.1,27.4,2.2,.5,43,71,12.2,15.3,7.4,7.4,1.59,13.6
2012,228,1,34.7,23.4,28.9,79.7,30.2,52.8,2.06,20.45,.76,31.1,24.3,27.1,27.6,27,27.2,2.5,1.3,315,57,9.7,14.9,6.1,6.1,2.01,17.4
2012,229,1,31.2,24.4,27.6,70.2,37.9,55.7,1.68,9.42,.25,28.3,24.1,25.9,27.2,26.5,26.9,1.5,.3,22,72,6.2,14.8,2.4,3.4,2.03,17.7
2012,230,1,30.8,22.8,25.6,94.5,47.2,78.3,.78,9.7,3.05,29.3,24.5,26.1,26.5,26.3,26.4,1.2,.4,296,67,7.2,13.9,2,2.8,2.54,21.3
2012,231,1,33.7,22.4,28,94.8,36.5,63.9,1.57,22.8,0,30.5,23.8,26.7,26.4,26,26.2,2.5,1.9,284,41,8.1,14.4,6.3,5.9,2.3,19.6
2012,232,1,37.6,22,29.5,91.3,24.2,55.3,2.14,23.9,7.62,34.3,23.9,28.5,27.4,26.2,26.4,1.6,.6,13,65,11.8,14.6,6.3,6.1,2.12,18.4
2012,233,1,37.8,24,29.4,89.5,23.3,58.9,1.94,23.1,0,33.6,25.4,28.8,27.4,27,27.1,1.6,.2,349,74,9,15.5,6.2,6,2.28,19.5
2012,234,1,36.8,22.8,28.1,92.3,32.1,64.8,1.51,20.27,2.54,34.3,25.4,28.6,27.6,27.1,27.3,1.8,.7,292,64,7.6,14.9,5.4,5.5,2.39,20.3
2012,235,1,30.9,20.3,24.6,96.7,42.1,78.6,.75,10.15,14.48,29.5,24.4,26.2,27.6,26.8,27.2,1.7,.4,50,72,7.1,12.7,2.1,3,2.39,20.3
2012,236,1,32.3,23,27.1,97.1,43.5,71.6,1.16,19.26,.25,31,24.7,27.3,26.9,26.5,26.6,1.6,1,323,52,6.9,14.4,4.7,4.6,2.49,21
2012,237,1,34.7,22.2,28.2,94,29.7,59.1,1.79,22.26,0,32.5,23.7,27.8,27,26.5,26.7,1.7,.8,327,60,7.7,14.4,5.9,5.5,2.12,18.3
2012,238,1,35.6,21.8,28.7,79.6,25.7,50,2.23,22.99,0,34.4,23.8,28.6,27.3,26.7,27,1.6,.7,327,60,6.8,14.4,6.2,5.7,1.84,16.1
2012,239,1,37,22,30.3,80,22.1,43.8,2.72,22.94,0,35,24.2,29.3,27.6,27,27.3,1.8,.6,308,66,7.8,14.5,6.6,6.1,1.74,15.2
2012,240,1,38.9,24.9,31.1,72.5,19.3,42,2.82,20.12,0,35.5,25.8,29.9,28.1,27.4,27.6,1.2,.7,87,49,8.6,15.8,5.7,5.3,1.8,15.8
2012,241,1,38.5,22.2,30.5,76.2,10.8,36.5,3.14,22.26,0,32.8,24.6,28.3,28.1,27.5,27.8,2,1.7,80,30,7.9,14.8,7,6.6,1.43,11.7
2012,242,1,38.9,21.2,30.4,67.6,11.4,34.6,3.18,22.81,0,34,22.6,28,27.7,26.9,27.3,1.4,.4,330,69,9.5,14.5,6.4,5.9,1.36,11.1
2012,243,1,36.9,22.5,29.3,79,23.1,49,2.27,21.1,0,34.2,24.5,28.7,27.5,27,27.3,1.8,1,293,56,7.8,14.8,5.9,5.8,1.9,16.6
2012,244,1,36.8,22.1,29.5,74.6,24.9,46.8,2.41,22.34,0,33.6,24.1,28.5,27.5,26.9,27.2,1.6,.8,298,55,7.1,14.6,6.2,5.8,1.82,16
2012,245,1,38.7,22.8,31,76.4,16.9,41.5,2.91,20,.25,33.5,24.3,28.4,27.6,27,27.3,1.7,.9,301,56,6.6,15,5.9,5.8,1.72,15
2012,246,1,39.2,23.4,29.2,72.9,19.6,49.1,2.3,20.82,3.56,32.3,24.1,27.5,27.5,26.9,27.2,1.5,.4,56,68,17.6,15.3,5.9,5.7,1.9,16.6
2012,247,1,35.5,21.5,28.7,87.6,29.8,52.7,2.08,21.61,3.3,30.4,23.5,26.8,27.3,26.6,26.9,2.6,.6,264,71,9.1,14.2,6.4,6.2,1.96,17.2
2012,248,1,32,22.6,27.2,79.4,38.4,56,1.69,14.51,.25,29.1,23.6,25.7,27,26.3,26.5,2.3,1.1,296,59,7.8,14.1,4.1,4.6,1.98,17.3
2012,249,1,34.2,23.4,29.1,79.7,30.1,53,2.02,21.58,0,29.9,23.5,26.3,26.3,25.9,26.1,3.1,2.8,291,24,8.6,14.8,6.5,6.4,2.06,17.9
2012,250,1,34.5,22.8,26.8,88.7,37.1,67.2,1.28,16.24,.51,30.8,23.7,26.4,26.4,26,26.2,1.5,.3,349,74,11.5,14.6,4.2,4.4,2.3,19.7
2012,251,1,30.3,22.8,25.7,88.4,55,72.4,.95,19.43,0,29.1,23.8,26,26.4,26,26.1,2.7,2.3,290,32,9.2,13.8,4.8,4.8,2.37,20.2
2012,252,1,32.6,23.5,27.4,87.4,33.6,55.1,1.75,12.07,1.27,26.6,22.8,24.8,26.2,25.7,26,3.2,2.9,85,23,9.8,14.7,4.1,5.1,1.95,16.9
2012,253,1,33.5,21.1,27.1,79.3,29,48.6,1.96,14.87,0,27.8,21.4,24.1,25.7,25.1,25.4,2.8,1.8,96,49,8.3,13.7,4.8,5.4,1.69,14.8
2012,254,1,33.9,21,24.6,91.3,27,67.4,1.14,12.01,2.03,29.4,22.1,24.4,25.3,24.9,25.1,1.3,.6,86,61,10.6,13.8,2.9,3.6,2.02,17.6
2012,255,1,29.3,20.8,23.4,93.6,37.2,73.5,.81,8.52,4.06,26.2,22,23.7,25.1,24.5,24.7,1.1,.1,340,75,6.8,12.3,1.5,2.5,2.09,18.1
2012,256,1,31,20.1,25.2,94.1,36.2,66,1.25,20.87,0,29.2,21.7,24.9,24.9,24.4,24.6,1.9,1.3,292,45,6.6,12.7,5.2,4.8,2.03,17.6
2012,257,1,34.8,18.3,26.8,92,24.1,51.4,2.03,21.83,0,30.5,20.8,25.3,25.1,24.5,24.8,2.2,1.4,80,50,11.7,12.7,6.1,5.8,1.64,14.2
2012,258,1,30.6,22.6,26.4,47.9,23.7,31.9,2.38,21.61,.51,29.5,21,24.7,25.1,24.7,24.9,5.4,5.1,82,19,12.4,13.8,8.2,8.5,1.08,8.1
2012,259,1,33.2,16.7,25.7,67.7,13.1,28.9,2.5,22.09,.76,27.1,18.3,22.4,24.9,23.7,24.1,2.9,2.4,95,34,8.3,11.6,6.9,6.8,.9,5.3
2012,260,1,34.4,14.3,24.5,66.1,13.4,35.6,2.36,22.17,0,27.2,17.8,22.3,23.8,23,23.2,1.4,.6,302,60,7.2,10.7,6,5.1,.95,6.1
2012,261,1,33.3,15.4,24.6,78.5,21.2,40.6,2.09,20.88,0,27,17.7,22.2,23.4,22.9,23.1,1.6,.8,296,59,9.9,11,5.7,5.1,1.19,9.4
2012,262,1,35.9,17.6,26.9,76.1,15,39.5,2.49,20.92,0,28.4,18.8,23.3,23.3,22.8,23,1.4,.3,6,72,4.8,12.5,5.6,5.1,1.25,10.1
2012,263,1,37.2,15.9,27.2,62.3,5.7,28.5,3.02,21.61,0,28.4,18.8,23.3,23.5,23,23.2,1.1,.4,115,64,5.8,12,6,4.9,.85,4.1
2012,264,1,37.6,20,28.3,52.2,8.5,24.9,3.18,17.32,0,28.5,20,23.4,23.5,23.1,23.3,1.3,.3,303,72,5.5,13.8,5.1,4.8,.87,4.7
2012,265,1,38.4,19.6,29.2,46,8.9,23.6,3.45,23.18,0,29.6,19.7,24,23.9,23.2,23.4,1.7,.7,312,63,7.8,13.7,7.1,6,.84,4.2
2012,266,1,38.5,20.2,28.6,59.6,7.4,24.7,3.28,18.77,0,27.7,20.2,23.4,23.9,23.3,23.5,1.3,.7,129,56,6.5,14,5.6,5,.87,4.7
2012,267,1,38.1,18.5,28.6,53.3,7.8,25.7,3.29,18.79,0,27.7,19.4,23.2,23.6,23.1,23.4,1.3,.2,112,76,5.2,13.3,5.5,4.9,.87,4.6
2012,268,1,36,17.9,27.1,53.7,11.1,28.1,2.86,19.6,0,26.4,19.1,22.6,23.6,23.1,23.4,1.6,.5,311,68,6.9,12.7,5.9,5.3,.92,5.6
2012,269,1,34.9,17.2,26.6,60.3,15.6,30.6,2.65,20.69,0,26.8,18.7,22.5,23.4,22.7,22.9,1.6,.4,253,70,7.6,12.1,6,5.2,.99,6.8
2012,270,1,34.5,17.9,26.5,64.3,12.3,32.6,2.55,21.91,0,27.2,19.3,22.8,23.2,22.8,23,1.4,.2,188,74,6.3,12.4,6,4.9,1.04,7.4
2012,271,1,34.1,16.5,25.9,57.7,14.8,31.5,2.52,19.98,0,26.9,18.6,22.3,23.2,22.6,22.9,1.8,.5,303,68,6.1,11.7,5.8,5.2,.99,6.7
2012,272,1,30.8,20.9,25.1,53.7,23.6,38,2.04,16.45,0,25.9,19.9,22,22.9,22.6,22.7,1.9,1.5,114,39,6.7,13,4.7,4.7,1.19,9.5
2012,273,1,34.2,17.3,26,63.2,18.4,35.7,2.38,21.03,.25,27,17.9,21.8,22.8,22.3,22.6,2,.2,249,77,8.7,12,6.1,5.5,1.13,8.7
2012,274,1,36.3,16.4,26.4,58,7.8,29.3,2.81,20.82,0,26.8,18,22.1,22.8,22.4,22.6,1.8,.9,310,58,8.4,12,6.3,5.5,.86,4.3
2012,275,1,37.1,13.4,25.5,54,6.5,25.2,2.89,21.72,0,27.9,17.4,22.2,22.8,22.3,22.6,.9,.4,68,62,6.8,10.8,5.9,4.3,.69,1.4
2012,276,1,37.2,16,26.5,53.5,7.1,22.2,3.07,21.19,0,27.6,17.6,22.2,22.8,22.4,22.6,1.6,.4,327,72,8.8,12,6.5,5.4,.67,1
2012,277,1,36.5,15.1,25.8,46.7,7.2,22,2.95,20.83,0,27.8,17.6,22.2,22.8,22.3,22.5,1.6,.1,30,79,7.4,11.5,6.4,5.3,.64,.4
2012,278,1,35.3,14.7,25.8,49.5,10.6,24.3,2.81,20.22,.25,26.7,17.2,21.7,22.7,22.2,22.5,1.4,.6,147,62,9.4,11,5.9,4.8,.73,2.5
2012,279,1,34.1,12.7,23.3,61.9,8.6,29.3,2.36,20.67,0,27,17,21.6,22.6,22.1,22.3,1.2,.3,96,69,6.3,9.9,5.5,4.4,.72,2
2012,280,1,32.1,13.9,22.7,48.4,9,26.3,2.28,18.9,0,26.1,16.9,21,22.4,21.9,22.2,1.3,.4,94,67,6.4,9.9,5.1,4.2,.65,.8
2012,281,1,32.4,14.3,23.4,52,13.4,28.1,2.29,18.75,0,26.8,17.6,21.6,22.2,21.8,22,1.1,.2,36,74,4.7,10.2,4.9,3.9,.75,2.8
2012,282,1,33.5,13.8,23.4,58.2,11.4,29.1,2.33,20.19,0,25.3,17.4,20.9,22.2,21.5,21.8,1.4,.3,13,73,6.2,10.2,5.5,4.5,.75,2.8
2012,283,1,32.5,13.2,23.2,66.8,8.3,27.9,2.33,20.35,0,24.8,16.5,20.3,21.9,21.4,21.6,1.2,.4,108,64,5.3,9.7,5.4,4,.7,1.7
2012,284,1,32.5,12.6,23.1,62.9,11.2,28.9,2.25,19.94,0,24.8,16,20,21.7,21.2,21.4,1.3,.3,108,72,9,9.4,5.3,4.2,.76,2.9
2012,285,1,29.2,16.6,23,49.9,21.4,36.2,1.86,8.74,.25,21.8,17.5,19.5,21.5,21.1,21.3,1.5,.7,102,59,5.7,10.2,2.5,3.3,1,6.9
2012,286,1,23.7,15.7,19.7,65.8,26.2,39.5,1.42,19.51,0,23.3,17.2,19.6,21.2,20.9,21.1,2.6,2.2,284,32,7.4,6.9,5.1,4.4,.89,5.2
2012,287,1,25.3,8.4,17.3,68.1,20.2,39.2,1.34,19.55,0,22.3,14.1,18,21.1,20.4,20.7,1.7,1.1,276,47,8.8,5,4.9,3.8,.72,2.3
2012,288,1,32.4,7.6,20,67.7,9.6,33.7,1.97,19.13,0,23.9,13.7,18.4,20.5,19.9,20.2,1,.7,101,44,5.1,7.9,4.8,3.7,.66,.9
2012,289,1,33.5,8.8,21.9,60.3,4,26.4,2.39,18.5,0,24.3,14.5,18.9,20.3,19.8,20.1,1.1,.2,63,74,5.4,8.5,5,3.8,.54,-2.3
2012,290,1,32.7,9.6,20.4,49.1,6.7,24.5,2.09,17.59,0,23.8,14.5,18.8,20.3,19.8,20.1,1.1,.1,27,76,5.6,8.4,4.6,3.6,.52,-2.2
2012,291,1,31.4,10.8,21.8,65.4,11,27.6,2.14,16.81,0,23.5,14.6,18.9,20.2,19.7,20,1.4,.5,345,65,5.9,8.4,4.6,3.9,.67,1.1
2012,292,1,29.6,13.3,22.4,63,31.6,43.9,1.64,18.28,0,24.5,16,20,20.2,19.8,20,2.5,2,302,38,8.8,8.7,5.3,4.6,1.19,9.2
2012,293,1,32.6,12.6,23.3,77.1,8.6,38.6,2.1,18.39,0,25.4,16.5,20.6,20.5,20.1,20.2,1.5,.8,295,57,6.6,9.4,5,4.1,.94,5.7
2012,294,1,31.7,14.1,22.5,73.1,16.8,34.3,2.02,18.04,0,24.8,16.3,20.3,20.6,20.2,20.4,1.3,.3,314,70,6.3,9.9,4.8,3.8,.87,4.9
2012,295,1,29.6,12.6,21,69.2,16.9,38.8,1.73,17.61,0,24.1,16.3,19.9,20.6,20.3,20.5,1.5,.4,147,69,7.2,8.3,4.6,3.8,.88,5.1
2012,296,1,29.8,10,19.5,73.1,17,40.7,1.59,18.21,.25,24.4,15.3,19.4,20.5,20,20.3,1,.3,75,67,4.8,7.6,4.3,3.2,.84,4.4
2012,297,1,30,10.4,20.8,66.9,18.5,38.9,1.75,17.03,0,24.1,15.1,19.4,20.4,19.9,20.1,1.1,.3,326,70,5.1,7.8,4.2,3.2,.88,5
2012,298,1,28.4,12.3,20.6,62.7,17.1,33.5,1.76,17.87,0,24.1,16.3,19.8,20.3,20,20.1,2.3,1.3,295,53,9.1,7.6,5.2,4.5,.77,2.8
2012,299,1,27,5.9,16.7,59.3,6.9,26.8,1.61,18.15,0,21.9,13.4,17.4,20.3,19.6,19.9,1.6,.8,285,57,7.1,5.4,4.7,3.7,.44,-4.8
2012,300,1,28.6,4.3,16.7,60.1,7.7,23.7,1.74,18.18,0,21.3,12.1,16.5,19.7,18.9,19.2,1.8,1.1,295,52,6.7,5.9,5,4.2,.38,-6.5
2012,301,1,30.5,6.4,17.9,70.5,9.8,28.8,1.77,17.73,0,22.2,12.7,17,19.1,18.5,18.8,1.1,.3,90,71,5.6,7.2,4.5,3.3,.52,-2.3
2012,302,1,31.9,6.8,19.3,62.6,9.2,30.9,1.93,17.39,0,22.5,13.1,17.4,18.8,18.3,18.6,1.2,.3,314,69,6,7.6,4.6,3.5,.58,-.7
2012,303,1,31.4,8.3,20.4,65.5,9.3,29.7,2.02,17.07,0,22.4,13.6,17.7,18.8,18.4,18.6,1.5,.5,318,66,7.1,7.8,4.7,3.9,.62,.1
2012,304,1,31.1,8.4,19.5,62.9,8.2,30.3,1.91,17.28,0,22.5,13.7,17.7,18.7,18.3,18.6,1.3,.3,313,72,6.1,7.7,4.5,3.5,.59,-.6
2012,305,1,31,8.4,19.2,56.1,7.7,28,1.93,16.97,0,21.7,12.8,17,18.7,18.2,18.5,1.2,.2,345,75,5,7.8,4.4,3.4,.53,-2.2
2012,306,1,30.9,8.4,19.4,55.6,9.2,25.6,1.98,16.83,0,21.5,12.6,16.7,18.5,18,18.3,1.2,.2,38,75,6.1,7.6,4.4,3.3,.5,-2.7
2012,307,1,28.9,9.2,18.5,71.3,15.3,30.9,1.67,14.91,0,21,12.8,16.5,18.4,17.9,18.1,1.1,.3,102,69,4.6,7,3.6,2.9,.61,0
2012,308,1,28.3,8,18.6,69,13.6,36.3,1.62,15.51,0,21,13,16.7,18.2,17.8,18,1.2,.3,353,68,4.8,6.3,3.8,2.9,.7,1.9
2012,309,1,29.8,7.5,18.5,64.1,13.3,34.1,1.7,15.98,0,21,12.9,16.6,18.1,17.7,17.9,1.4,.6,293,62,6.1,6.9,4.1,3.4,.63,.5
2012,310,1,31.1,5.9,18.6,68.4,8.1,30.4,1.88,16.35,0,20.8,12.2,16.2,18,17.6,17.8,1.1,.4,310,63,5.6,7.2,4.2,3.1,.53,-2.2
2012,311,1,31.9,7,19,58.3,7.1,25.9,1.98,16.31,0,20.5,12,15.9,17.9,17.4,17.6,1.2,.3,307,69,6,7.7,4.3,3.3,.48,-3.3
2012,312,1,33.3,7.2,19.3,53.9,8.2,27.9,1.99,15.8,.25,20.8,11.9,16,17.7,17.2,17.5,1,.3,59,69,6.4,8.1,4.1,3.1,.53,-1.9
2012,313,1,29.2,12.4,20.3,55.9,11.1,31.5,1.8,13.59,0,20.6,14,16.8,17.7,17.4,17.5,1.5,.1,3,79,10.2,8.1,3.8,3.3,.69,1.4
2012,314,1,25.9,15,20,88.8,31.9,51.6,1.21,10.12,1.52,19.4,15.5,16.8,17.8,17.6,17.7,3,1,196,66,9.3,7.7,3,3.7,1.16,9
2012,315,1,17.1,8.1,12,91.9,22.8,48.8,.75,13.28,2.79,17.2,12.3,14.5,17.8,17.3,17.6,3.3,2.5,292,40,9.6,1.3,3.1,3.1,.67,.6
2012,316,1,15.5,.3,8.1,85.5,11.9,44.5,.71,16.02,0,15.5,8.8,11.8,17.3,16.3,16.7,1.7,1,299,50,7.9,.5,3.2,2.3,.42,-5.3
2012,317,1,21.8,-1.9,9.2,80.5,7,41.2,.95,14.83,0,15.4,6.9,10.8,16.3,15.2,15.7,1,.3,80,68,4.7,2.5,3,2.2,.38,-6.9
2012,318,1,23.1,-.7,10.4,75.2,8.4,37.7,1.06,15.93,0,15.7,7.2,11.1,15.4,14.7,15,1,.3,323,66,4.8,3,3.4,2.3,.37,-6.8
2012,319,1,28.3,1.3,14.6,59.2,4.1,26.1,1.61,15.71,0,16.8,7.2,11.6,14.9,14.3,14.6,1,.3,63,67,4.4,5.4,3.8,2.7,.33,-8.7
2012,320,1,26,2.9,14.6,61.4,11.3,29.8,1.39,9.07,0,15.3,8.4,11.9,14.7,14.3,14.5,1,.2,332,74,5.8,4.5,2.2,2.3,.43,-4.7
2012,321,1,25.5,8.4,15.5,68.2,7.6,31.1,1.37,11.6,0,16.7,10.6,13.1,14.7,14.4,14.5,1.1,.4,335,66,4.8,5.2,2.8,2.5,.49,-3.2
2012,322,1,25.4,7.6,16.6,58.9,19.6,34,1.37,7.43,0,16.2,10.3,13,14.8,14.4,14.6,.9,.1,68,75,4.5,5,1.8,2.1,.62,.2
2012,323,1,25.4,12.5,18,77,27.1,52.9,1.08,14.08,0,19,12.5,15.3,15.3,14.7,14.9,1.1,.6,100,54,5.6,6.2,3,2.3,1.04,7.5
2012,324,1,26.1,6.2,15.2,86.1,20,53,1.01,13.96,0,18.4,11.1,14.4,15.4,15.1,15.3,.7,.2,105,66,3.5,5,2.7,1.9,.84,4.3
2012,325,1,26.9,3.9,14.5,82.5,17.8,51.1,1.07,12.65,0,17.4,9.8,13.6,15.5,15,15.2,.7,.2,86,67,4,5,2.5,1.9,.75,2.8
2012,326,1,27.2,8.7,17.1,68.8,17.5,41.3,1.35,12.38,.25,18.3,11.6,14.6,15.4,15.1,15.2,1,.2,347,75,5.2,6,2.8,2.4,.74,2.5
2012,327,1,26.7,4.9,15.1,75.3,13.2,41.5,1.27,14.28,0,17.6,10.1,13.5,15.5,15,15.2,1.2,.5,302,63,5.9,5.1,3.3,2.6,.62,.1
2012,328,1,29.6,4.8,17.7,67.8,11.9,33.5,1.72,13.93,0,17.8,9.7,13.4,15.3,14.8,15,1.6,1.4,90,32,5.9,6.5,3.8,3.3,.57,-1
2012,329,1,29.4,10,19.9,71,13.6,27.5,1.85,14.08,0,18.2,11.2,14.2,15.1,14.8,15,1.8,1.1,114,49,5.8,7.4,4,3.5,.6,-.4
2012,330,1,28,6.9,15.7,73.8,6.1,36.8,1.4,14.3,0,17.8,10.3,13.6,15.2,14.8,15,1.2,.3,66,69,6.5,6,3.5,2.6,.57,-1.2
2012,331,1,26.2,3.3,14.2,73.8,11.6,33.2,1.31,14.25,0,16.9,9.1,12.6,15,14.4,14.7,1.1,.2,50,72,4.6,4.7,3.2,2.4,.48,-3.3
2012,332,1,28.5,3.4,14.9,65.1,10.7,36,1.4,13.74,0,16.9,8.8,12.6,14.6,14.1,14.4,.7,.5,98,48,4.3,5.8,2.9,1.9,.52,-2.2
2012,333,1,26.4,5.5,15.9,70.8,17,36.8,1.34,10.98,0,16.4,9.5,12.8,14.4,14.1,14.2,1.1,.2,76,74,3.7,5,2.5,2.3,.62,0
2012,334,1,23.6,4.7,13.7,72.7,17,44.6,1.07,13.6,0,15.9,9.1,12.3,14.3,13.9,14.1,1.5,.7,293,58,7.3,3.7,3.2,2.5,.63,.4
2012,335,1,24.7,3.3,13.8,77.5,19.6,47.2,1.03,13.78,0,16.2,8.5,12.1,14.1,13.6,13.9,1.1,.5,292,61,4.8,4.1,2.9,2.2,.69,1.6
2012,336,1,24.2,3.2,12.9,83,19,51.2,.92,13.44,0,16,8.8,12,13.9,13.5,13.7,1.1,.1,10,76,4.6,3.8,2.7,2.1,.69,1.7
2012,337,1,25.8,3.5,13.2,74.5,11.9,43.2,1.13,13.58,0,15.8,8.1,11.6,13.7,13.2,13.5,1,.4,58,64,4.2,4.5,2.8,2.1,.57,-1.1
2012,338,1,23.4,4.5,13.5,80.2,23.2,46.2,1,12.61,0,15.5,8.5,11.7,13.5,13.1,13.3,1.2,.3,353,70,5.8,3.6,2.7,2.1,.67,1.1
2012,339,1,24.7,3.7,13.4,78.2,20.5,50.5,.99,12.37,0,15.8,8.4,11.8,13.4,13,13.2,1,.3,314,68,4.2,4.1,2.5,2,.71,2
2012,340,1,28.5,3.9,14.7,78.3,11.1,43.4,1.28,13,0,16.5,8.6,12.1,13.3,13,13.2,.7,.4,94,58,3.7,5.8,2.7,1.9,.61,-.1
2012,341,1,24.9,5.1,14.5,68.1,17.9,38.3,1.2,12.84,0,15.2,8.6,11.7,13.4,13,13.2,1.4,.4,3,68,5.9,4.3,3.1,2.5,.59,-.6
2012,342,1,23.5,4.7,13.5,77.9,22,44,1.04,13.06,0,15.6,8.6,11.8,13.2,12.9,13.1,1.2,.3,331,69,5.6,3.7,2.9,2.1,.63,.3
2012,343,1,22.2,3.8,12,76.7,19.6,49.3,.88,12.95,0,15.2,8,11.2,13.2,12.8,13,1.1,.3,26,70,6.3,3,2.6,1.9,.63,.3
2012,344,1,21,3.1,11.1,72.3,12.5,41.7,.95,13.16,0,13.8,7.4,10.3,13,12.6,12.8,1.6,.7,322,62,7.6,2.5,3,2.4,.48,-3.6
2012,345,1,16.7,-.5,7.6,63.8,10.8,32.4,.83,13.18,0,12,5.9,8.7,12.7,12,12.3,1.5,.9,293,50,6.3,.8,2.9,2.1,.29,-10.4
2012,346,1,19.8,-3.5,6.8,53.5,8.9,29.8,.86,13.23,0,12.1,4.2,7.7,12.1,11.2,11.6,.8,.1,47,74,3.8,1.7,2.5,1.6,.26,-11.4
2012,347,1,22.7,.1,10.4,62,12.6,29.3,1.06,13.01,0,12.6,4.2,8,11.4,10.8,11.1,1.3,1.1,83,29,3.8,3,2.8,2.3,.35,-7.7
2012,348,1,21.8,1.9,12.6,94.9,20.2,49.3,.85,10.47,9.65,12.1,5.3,9,11.1,10.8,10.9,1.9,1.2,123,49,8.8,2.7,2.3,2.3,.71,1.1
2012,349,1,12.8,5.8,9.2,95,49,77,.28,6.66,5.33,12.1,9.2,10.4,11.3,10.9,11.2,2.2,1,100,60,9.1,0,.8,1.2,.89,5.2
2012,350,1,15.1,8,10.6,89.2,48.7,70.4,.39,4.52,1.78,11.8,8.9,10.1,11.3,11.1,11.2,1.7,1.2,96,43,6.9,.6,.5,1.4,.9,5.3
2012,351,1,12.9,2.9,8.8,94.2,36.7,74.2,.33,12.48,2.29,13.4,8.1,10.6,11.5,11.2,11.3,2,1.6,286,37,6.1,0,1.9,1.3,.82,3.8
2012,352,1,16.1,.1,7.2,95.4,34.1,74.7,.36,12.88,0,13,5.3,8.7,11.6,10.9,11.2,.9,.2,32,69,4.9,.7,1.8,1.3,.72,2.1
2012,353,1,19.9,.9,10.3,96.3,33.7,69.1,.54,10.05,.25,12.8,5.5,9.1,11.1,10.7,10.9,1.5,.5,60,67,10.2,1.9,1.7,1.7,.81,3.9
2012,354,1,14.6,.3,7.2,93.3,40,64.3,.39,13,3.3,11.7,6.7,9.4,11.1,10.9,11,2.9,2.3,290,36,12.1,.3,2.2,2,.64,.4
2012,355,1,18.8,-2.9,8.2,95.1,10.6,48.4,.83,13.03,0,10.8,3.7,7,11.1,10.3,10.6,2,1.8,102,23,7.3,1.4,3,2.5,.39,-6.8
2012,356,1,21.2,-.1,10.8,80.3,9.9,35.9,.99,12.69,0,11.4,4,7.5,10.4,9.9,10.1,1.3,1.1,103,32,5.6,2.3,2.8,2.1,.41,-6.4
2012,357,1,22.2,5.7,12.3,87.5,19.1,51.8,.84,11.55,0,13.9,6.8,9.7,10.4,10,10.1,.9,.3,33,68,4.4,3.2,2.2,1.8,.69,1.5
2012,358,1,20,1.7,10.2,95.5,21.3,63.8,.62,12.36,0,13.6,6.1,9.5,10.6,10.3,10.5,1,.2,338,74,5.4,2,2.1,1.6,.71,2.1
2012,359,1,17.1,4.4,10.6,86.4,33.9,61.8,.57,11.6,0,13.2,7,9.7,10.7,10.4,10.6,1.5,.8,292,55,7,1.1,2.1,1.7,.75,2.9
2012,360,1,12.9,5.4,9.3,83.5,29.3,52.8,.57,10.3,0,12.3,7.4,9.6,10.8,10.6,10.8,1.6,1.3,290,31,4.8,0,1.8,1.6,.61,-.5
2012,361,1,18.6,2.3,9.6,81.1,11.9,45.8,.77,11.4,0,12.6,6.1,8.9,10.8,10.5,10.7,1.5,.5,305,65,5.8,1.6,2.2,2,.49,-3.5
2012,362,1,12.9,-1.9,4.9,92.3,31.7,66.7,.35,10.59,0,10.4,4.5,7.2,10.7,10.1,10.4,1.4,.6,321,63,14.2,0,1.6,1.4,.55,-1.4
2012,363,1,13.5,-2.3,4.6,94.4,31,68.2,.37,12.96,0,10.9,3.3,6.6,10.2,9.5,9.8,1.1,.2,350,74,4.2,.1,1.8,1.3,.53,-1.9
2012,364,1,18.4,-3.9,6.6,91.7,16.2,54.9,.66,13.08,0,10.3,3,6.3,9.7,9.1,9.4,1.2,1,101,36,6.9,1.2,2.5,1.8,.44,-4.4
2012,365,1,15.3,.9,6.6,93.4,20.3,61.1,.46,8.1,7.62,9.4,4.4,6.8,9.3,8.8,9.2,1.7,.8,332,59,9,.4,1.4,1.7,.56,-1.5
2012,366,1,10.4,-.3,5.2,94.7,42,79.5,.21,7.62,3.05,9.8,5,7.3,9.1,8.7,8.9,1.2,.6,329,57,7.8,0,.7,.9,.69,1.6
